AA,Codon,Nb_optimal,Count
*,TAA,36.6336634,814
*,TAG,25.4275428,565
*,TGA,37.9387939,843
A,GCA,19.7145539,9241
A,GCC,28.5424756,13379
A,GCG,18.9486709,8882
A,GCT,32.7942996,15372
C,TGC,56.3022867,6057
C,TGT,43.6977133,4701
D,GAC,48.2974469,16666
D,GAT,51.7025531,17841
E,GAA,48.1395069,20014
E,GAG,51.8604931,21561
F,TTC,71.6114519,17509
F,TTT,28.3885481,6941
G,GGA,40.2464852,15773
G,GGC,22.8598403,8959
G,GGG,6.136613,2405
G,GGT,30.7570616,12054
H,CAC,50.714438,7134
H,CAT,49.285562,6933
I,ATA,14.3412863,4424
I,ATC,47.753501,14731
I,ATT,37.9052127,11693
K,AAA,39.1470171,15191
K,AAG,60.8529829,23614
L,CTA,9.26994115,4773
L,CTC,21.3540756,10995
L,CTG,25.1471188,12948
L,CTT,19.2740197,9924
L,TTA,5.8167764,2995
L,TTG,19.1380683,9854
M,ATG,100,16321
N,AAC,56.6935914,13827
N,AAT,43.3064086,10562
P,CCA,31.4919605,9127
P,CCC,15.0852253,4372
P,CCG,29.8081568,8639
P,CCT,23.6146574,6844
Q,CAA,43.4449325,10485
Q,CAG,56.5550675,13649
R,AGA,16.8072792,5837
R,AGG,10.0953094,3506
R,CGA,24.7862017,8608
R,CGC,16.838953,5848
R,CGG,8.03939071,2792
R,CGT,23.4328659,8138
S,AGC,16.7826193,6875
S,AGT,12.4740632,5110
S,TCA,16.887587,6918
S,TCC,15.2886611,6263
S,TCG,23.1587941,9487
S,TCT,15.4082754,6312
T,ACA,22.0547251,6964
T,ACC,29.6617684,9366
T,ACG,24.2652648,7662
T,ACT,24.0182417,7584
V,GTA,13.457269,5516
V,GTC,26.3460929,10799
V,GTG,33.2503842,13629
V,GTT,26.9462539,11045
W,TGG,100,6731
Y,TAC,60.4578047,10961
Y,TAT,39.5421953,7169
